Tier,Name,Dependencies,Relationship,Category,Encoder / Decoder,Description,Key Technique,Architecture,(Pre)-training Objective,Rationale,BibTex (Unverified)
0,BM25,N/A,N/A,Retrieval Algorithm,N/A,Robust bag-of-words retrieval function that ranks documents based on the appearance of query terms. Serves as a highly effective standard baseline for sparse retrieval tasks in search engines.,Utilizes probabilistic term-weighting over TF-IDF to score document relevance. Introduces term frequency saturation and document-length normalization to prevent long documents from dominating results.,N/A,N/A,"Designed to improve upon basic TF-IDF by addressing its flaws, specifically by capping the impact of repeated words. Works exceptionally well for exact keyword matching and remains a lightweight fallback for modern neural systems.",robertson2009probabilistic
0,Transformer,N/A,N/A,Foundation Architecture,Encoder + Decoder,Foundational sequence-to-sequence model that completely eliminated the need for recurrence and convolutions. Relies exclusively on attention mechanisms to draw global dependencies between input and output tokens.,Multi-head self-attention allows every position in a sequence to attend to every other position in O(nÂ²) time. Uses positional encodings to inject sequence order information without relying on sequential processing.,"Stacked encoder and decoder architecture. Each layer contains multi-head self-attention and a position-wise fully connected feed-forward network, augmented with residual connections and layer normalization.",Supervised sequence-to-sequence learning on the WMT 2014 English-German dataset. Utilized standard cross-entropy loss to optimize machine translation accuracy.,"Developed to overcome the sequential bottleneck of RNNs, enabling massive parallelization during training. This parallel nature, combined with direct global context, made it the universal backbone for modern AI scaling.",vaswani2017attention
0,InfoNCE,Cross-Entropy,Extends,Loss Function,N/A,Powerful contrastive loss function used extensively in representation learning. Trains models to distinguish a matching positive pair from a large pool of negative pairs within a given batch.,Formulates the contrastive learning problem as a categorical cross-entropy classification task over a batch of samples. Pulls positive pairs closer in embedding space while simultaneously pushing away multiple negative examples.,N/A,N/A,"Provides a highly efficient way to learn robust, generalized representations without requiring explicit manual labels. Maximizes the amount of learning signal extracted from a single forward pass by using in-batch negatives.",oord2018representation
0,MaxSim,N/A,N/A,Similarity Metric,N/A,Fine-grained similarity scoring mechanism pioneered in Late Interaction retrieval models. Computes the relevance between a query and a document by comparing their multi-vector representations at the token level.,Computes the dot product between every query token and every document token instead of pooling a sequence into a single vector. Selects the maximum document token score for each query token and sums these maximums to produce the final relevance score.,N/A,N/A,"Introduced to solve the information bottleneck inherent in single-vector models like DPR. Preserves token-level details, enabling highly accurate fuzzy keyword matching while remaining computationally cheaper than full cross-encoders.",khattab2020colbert
0,Cross-Entropy,N/A,N/A,Loss Function,N/A,Standard classification loss function used across deep learning. Measures the performance of a classification model whose output is a probability value between 0 and 1.,Quantifies the difference between two probability distributions: the true distribution (labels) and the predicted distribution (model outputs). Heavily penalizes predictions that are both confident and wrong.,N/A,N/A,"Provides a smooth, differentiable gradient that directs the model to increase the predicted probability of the correct class. Works universally well by naturally aligning with maximum likelihood estimation principles.",goodfellow2016deep
0,Sigmoid Contrastive Loss,Cross-Entropy,Alternative to,Loss Function,N/A,Scalable alternative to the standard softmax-based contrastive loss used in massive vision-language models. Operates solely on image-text pairs and avoids global normalization across the batch.,"Computes pairwise sigmoid loss independently for every item, treating the alignment task as a series of binary classification problems. Eliminates the need to gather representations across different AI accelerators.",N/A,N/A,"Standard softmax loss requires cross-device synchronization, limiting batch sizes and scaling. Isolating the loss calculation to independent pairs unlocks theoretically infinite batch sizes, leading to better performance at scale.",zhai2023sigmoid
1,BERT,Transformer,Uses,Language Model,Encoder,Landmark natural language processing model that introduced deep bidirectional pre-training. Learns rich contextual representations by looking at both the left and right context of a token simultaneously.,"Introduced the Masked Language Modeling (MLM) objective, randomly masking 15% of the input tokens and forcing the model to predict them. Bypassed the unidirectional constraint of previous language models.",Multi-layer bidirectional Transformer encoder. Utilizes WordPiece tokenization and incorporates special [CLS] and [SEP] tokens to handle classification and sentence-pair tasks.,Joint objectives of Masked Language Modeling (MLM) and Next Sentence Prediction (NSP) on BookCorpus and English Wikipedia.,"Unidirectional models could not capture the full context of a word in a sentence. Bidirectional approach allowed for highly robust contextual embeddings, revolutionizing fine-tuning performance on downstream NLP tasks.",devlin2018bert
1,ViT,Transformer,Uses,Vision Model,Encoder,Paradigm-shifting model applying a standard Transformer directly to images. Proved that convolutions are not strictly necessary for achieving state-of-the-art computer vision performance.,Treats an image as a sequence of discrete visual tokens by splitting it into fixed-size patches. Linearly projects these patches into flat vectors fed into the transformer just like text words.,Standard Transformer Encoder. Relies on learnable positional embeddings to retain spatial information and appends a [CLS] token to aggregate global image features for classification.,Supervised image classification on massive proprietary and public datasets like JFT-300M and ImageNet-21k.,Leverages the massive scalability and efficiency of transformers for computer vision. Removing CNN inductive biases allows the learning of more generalized patterns when provided with sufficient data scale.,dosovitskiy2020image
1,T5,Transformer,Uses,Language Model,Encoder + Decoder,"Unified framework casting every NLP problem into a text-to-text format. Allows the exact same model, objective, and hyperparameters to be used across highly diverse tasks.","Relies on task-specific prefixes (e.g., 'translate English to German:') to condition output natively. Introduced a novel span-corruption pre-training objective that masks consecutive tokens rather than isolated words.","Transformer encoder-decoder architecture utilizing relative positional embeddings instead of absolute ones, allowing better generalization to varying sequence lengths.",Span-corruption objective on the massive Colossal Clean Crawled Corpus (C4). Learns to reconstruct missing text spans autoregressively.,"Previous models required task-specific architectures or classification heads for different downstream tasks. Streamlined the entire NLP pipeline, demonstrating that a single generative framework could achieve SOTA across the board.",raffel2020exploring
1,DiT (Document Image Transformer),ViT,Extends,Vision Model,Encoder,Specialized vision transformer explicitly adapted for Document AI. Captures complex visual layouts and structures of document images without requiring OCR text as an input.,"Applies generative masked image modeling specifically to the document domain. Forces the reconstruction of visual pixels of masked document patches, implicitly learning text boundaries and layouts.",Standard ViT (Transformer Encoder) architecture initialized and trained specifically for high-resolution document processing rather than natural scenes.,"Masked Image Modeling (MIM) on the IIT-CDIP Test Collection, a massive dataset of unannotated document images.",General vision models trained on natural scenes perform poorly on text-dense documents. Created to build a domain-specific visual backbone that understands document semantics natively.,li2022dit
1,BEiT,ViT,Extends,Vision Model,Encoder,"Self-supervised vision model treating image patches like discrete text tokens. Introduced a BERT-like pre-training approach for the visual domain, bridging the gap between NLP and CV pre-training methodologies.",Predicts discrete visual tokens for masked image patches instead of reconstructing raw pixels. Tokens are generated beforehand by a pre-trained discrete variational autoencoder (dVAE).,Standard Transformer encoder taking corrupted image patches as input and outputting representations that map to the discrete visual vocabulary space of the dVAE.,Masked Image Modeling (MIM) predicting the discrete token IDs of masked patches based on unmasked visual context.,Predicting continuous raw pixels is overly complex and focuses on high-frequency noise. Predicting discrete tokens forces the learning of meaningful visual concepts similar to linguistic words.,bao2021beit
1,BART,BERT; GPT,Uses; Uses,Language Model,Encoder + Decoder,Denoising autoencoder designed for pre-training sequence-to-sequence models. Combines the bidirectional encoding capabilities of BERT with the autoregressive decoding strengths of GPT.,"Introduces a highly flexible pre-training scheme where text is corrupted with arbitrary noising functions, such as sentence permutation or text infilling. Learns to reconstruct the original clean text.","Standard Transformer encoder-decoder architecture. The encoder processes corrupted text bidirectionally, while the decoder generates original text autoregressively with causal masking.",Sequence-to-sequence reconstruction loss on a massive text corpus by applying multiple noise functions to the input.,Previous models were either exclusively encoders or exclusively decoders. Bridged this gap to create a model excelling at generative comprehension tasks like abstractive summarization.,lewis2019bart
1,GPT,Transformer,Uses,Language Model,Decoder,Foundational causal language model series. Demonstrated that unsupervised learning produces highly capable generalist language models by predicting the next word on massive datasets.,"Relies entirely on autoregressive generation, using masked self-attention to ensure a token can only attend to previous tokens in the sequence, preserving strict left-to-right generation.","Transformer decoder-only architecture. Strips away the encoder block entirely, stacking multiple decoder blocks with causal masking.",Standard unsupervised next-token prediction on diverse internet text corpora. Maximizes the likelihood of predicting the correct subsequent token based on prior context.,Chosen because human language generation is inherently sequential. Scaling up this simple objective proved models could absorb vast amounts of world knowledge without explicit fine-tuning.,brown2020language
2,ColBERT,BERT; MaxSim,Uses; Uses,Retrieval Model,Encoder,Dense retrieval model gracefully resolving the tradeoff between efficiency and effectiveness in search. Introduces a late interaction mechanism to calculate fine-grained similarity without feeding query-document pairs jointly through a heavy transformer.,Represents queries and documents as matrices of token-level embeddings rather than single pooled vectors. Computes similarity using the MaxSim operator to find the maximum cosine similarity between each query token and document tokens.,"Dual BERT encoder architecture (one for queries, one for documents). Token-level embeddings are stored offline for documents and matched efficiently at inference time via MaxSim.",Pairwise contrastive ranking loss ensuring the positive document scores higher than sampled negative documents for a given query.,"Full cross-encoders are too slow for searching millions of documents, while single-vector bi-encoders lose crucial token-level details. Late interaction preserves cross-encoder accuracy while operating at bi-encoder speed.",khattab2020colbert
2,CLIP,ViT; Transformer; InfoNCE,Uses; Uses; Uses,Vision-Language Model,Encoder,"Foundational multimodal model learning highly robust, zero-shot transferable visual concepts. Bridges the gap between vision and language by training on hundreds of millions of internet-scraped image-caption pairs.",Utilizes massive batch sizes and InfoNCE contrastive loss to align images and text in a joint embedding space. Maximizes cosine similarity of correct image-text pairs while minimizing similarity of incorrect pairs.,Dual Encoder architecture comprising a Vision Encoder (ViT or ResNet) and a Text Encoder (Transformer). Pooled outputs of both towers are mapped via linear projections to a shared multimodal space.,Contrastive Language-Image Pre-training (InfoNCE) on a massive proprietary dataset of 400 million image-text pairs to predict which text snippet belongs to which image.,"Traditional vision models relied on narrow, human-annotated datasets limiting generalization. Using natural language supervision from the web allows the learning of an incredibly broad and flexible visual vocabulary.",radford2021learning
2,Pix2Struct,ViT; Transformer,Uses; Uses,Vision-Language Model,Encoder + Decoder,Visually-situated language model explicitly designed to understand visually rich contexts like webpages and documents. Bypasses OCR entirely by parsing screenshots directly into underlying structured representations.,Introduces a novel variable-resolution input strategy dynamically adapting the patch grid to handle varying aspect ratios without distortion. Learns to map visual elements directly to HTML or structured text.,"Asymmetrical ViT Encoder and Transformer Decoder architecture. The vision encoder processes raw screenshots, and the autoregressive decoder generates structured text output.",Screenshot parsing objective learning to reconstruct masked HTML structures directly from a given webpage screenshot.,Standard document AI relied heavily on fragile OCR pipelines failing on complex web layouts. Proved that an end-to-end vision-to-text generative approach natively captures complex layout structures.,lee2022pix2struct
2,SigLIP-SO400m,CLIP; Sigmoid Contrastive Loss,Extends; Uses,Vision-Language Model,Encoder,Advanced vision-language model vastly improving the CLIP architecture by changing the fundamental loss function. The shape-optimized 400M parameter version serves as the foundational vision backbone for many state-of-the-art MLLMs.,s,"Retains the Dual Encoder architecture of CLIP (ViT for vision, Transformer for text), heavily optimized for scaling batch sizes across distributed hardware clusters.","Sigmoid Contrastive Learning on massive web datasets, pushing matching pairs to probability 1 and non-matching pairs to probability 0 independently.","Scaling batch sizes in CLIP requires immense cross-device communication that crashes hardware. Sigmoid loss unlocks theoretically infinite batch scaling, leading to significantly better visual-semantic alignment.",zhai2023sigmoid
2,DPR,BERT,Uses,Retrieval Model,Encoder,Seminal model popularizing dense retrieval for Open-Domain Question Answering. Conclusively demonstrated that retrieving passages using dense neural embeddings significantly outperforms sparse algorithms like BM25.,Uses dual encoders to represent queries and passages as dense 768-dimensional vectors. Calculates relevance instantaneously using the inner product (dot product) between these two vectors.,"Two separate, independent BERT encoders: a Query Encoder and a Passage Encoder. The [CLS] token representation serves as the global dense vector for the sequence.",Contrastive learning with in-batch negatives and carefully selected hard negatives (passages retrieved by BM25 missing the answer) forcing fine-grained semantic learning.,"Sparse retrievers fail on lexical mismatch. Solves this by projecting text into a semantic space where meaning, rather than exact vocabulary, determines closeness.",karpukhin2020dense
2,LayoutLMv3,Transformer; ViT; BERT,Uses; Uses; Uses,Document Encoder Model,Encoder,"State-of-the-art Document AI model jointly modeling text, layout, and image features within a single unified transformer. Eliminated the need for complex, separate CNN visual backbones used in previous iterations.","Unifies masking objectives across modalities, predicting masked text words, masked 2D bounding box coordinates, and masked image patches simultaneously. Forces deep cross-modal alignment at the token level.","Multi-modal Transformer encoder taking 1D text tokens, 2D spatial coordinate embeddings representing layout, and linear projections of raw image patches.","Masked Language Modeling (MLM), Masked Image Modeling (MIM), and Word-Patch Alignment (WPA) to learn fine-grained spatial mappings across the document.","Documents are inherently multimodal, relying on the interplay of text and layout. Unified architecture captures these interactions natively, setting benchmarks for visually rich document understanding.",huang2022layoutlmv3
3,LLaMA 3,Transformer; GPT,Uses; Extends,Language Model,Decoder,"Highly optimized, open-weights large language model series. Achieves state-of-the-art performance through massive data scale and extreme architectural efficiency improvements over previous generations.","Utilizes Grouped-Query Attention (GQA) to drastically reduce KV cache memory for long contexts, and Rotary Positional Embeddings (RoPE) to model sequence order. Expands vocabulary to 128k tokens for better multilingual efficiency.",Decoder-only Transformer employing SwiGLU activations instead of standard ReLU and using RMSNorm for both pre- and post-normalization to ensure stable training at immense scales.,"Standard autoregressive next-token prediction on over 15 trillion tokens, followed by post-training alignment using Supervised Fine-Tuning (SFT) and Direct Preference Optimization (DPO).","Designed to push scaling law boundaries while maintaining open accessibility. Architectural tweaks specifically target inference efficiency, allowing massive models to run on standard hardware with massive context windows.",touvron2023llama
3,LLaVA,LLaMA 3; CLIP; MLP Projector,Uses; Uses; Uses,Multimodal LLM,Decoder,Pioneering multimodal model bridging pre-trained vision encoders and large language models. Enables standard text-based LLMs to see and seamlessly follow visual instructions.,Connects a frozen visual encoder to a frozen LLM via a simple trainable projection layer. Leverages high-quality multimodal instruction data generated by language-only GPT-4 to train reasoning about images.,Pre-trained CLIP ViT visual encoder and a pre-trained LLM decoder connected via a 2-layer MLP projection layer mapping visual patches directly into the LLM's text embedding space.,Stage 1 freezes models and trains projector for feature alignment. Stage 2 freezes vision encoder and trains projector and LLM on complex visual instruction data.,Training massive multimodal models from scratch is prohibitively expensive. Proved highly capable VLMs can be rapidly built by stitching together existing SOTA uni-modal models with a lightweight adapter.,liu2023visual
3,RAG,DPR; BART,Uses; Uses,Framework,Encoder + Decoder,"Seminal framework combining a neural retriever with a generative LLM. Allows the model to ground generative outputs in external, non-parametric knowledge bases, significantly reducing hallucinations.","Marginalizes generation over retrieved documents, treating documents as latent variables. Concatenates the query and retrieved texts in the generator's context window to synthesize factually grounded answers.",Bi-Encoder Retriever (Dense Passage Retriever) and an Encoder-Decoder Generator (BART-large) connected via retrieved text tokens passed into the generator's context.,"End-to-end training using marginal log-likelihood. Generator and Query Encoder are fine-tuned jointly to produce the correct answer, while the Document Index (FAISS) is typically frozen.",LLMs cannot update internal parametric memory easily and frequently hallucinate rare facts. Explicitly separates factual knowledge storage from reasoning capabilities to solve this.,lewis2020retrieval
3,InternViT-6B,ViT,Extends,Vision Model,Encoder,Massive 6 billion parameter Vision Transformer designed to capture extremely high-resolution and robust visual features. Bridges the parameter gap between vision towers and massive language models in modern MLLMs.,Aggressively scales standard ViT architecture utilizing dynamic resolution tiling strategies to process massive image sizes without downsampling. Incorporates advanced layer scaling and RMSNorm to stabilize 6B parameter training.,"Scaled-up Transformer Encoder explicitly designed to act as the massive visual sensory organ for the InternVL family of multimodal models, outputting high-dimensional patch embeddings.",Progressive combination of Contrastive Learning (aligning with text) and generative Masked Image Modeling to ensure deep representation learning and semantic alignment.,"As LLMs grew to 70B+ parameters, standard 300M CLIP vision encoders became a bottleneck. Scaling the vision encoder directly solved the modality capacity gap to feed complex visual details to the LLM.",chen2023internvl
3,Qwen2-VL,Transformer; ViT,Uses; Uses,Multimodal LLM,Decoder,"Highly capable multimodal LLM setting the standard for Document AI and visual reasoning. Natively supports dynamic resolution, allowing processing of documents and UI screens without losing aspect ratios or fine details.","Introduces Naive Dynamic Resolution and 2D-Rotary Positional Embeddings (M-ROPE) to map any image of any aspect ratio into a dynamic number of visual tokens, perfectly preserving original visual structure.",Integrates a dynamic-resolution Vision Encoder with a Qwen2 LLM decoder using multi-layer perceptron projectors to map variable numbers of visual tokens into the language space.,"Multimodal Next Token Prediction trained extensively on a massive mix of interleaved image-text data, video-text data, and specifically curated visually rich document datasets.",Forcing a rectangular document into a fixed square destroys text readability. Dynamic resolution and 2D positional tracking allow inherent understanding of document layouts better than strict fixed-resolution models.,wang2023qwen
3,InternVL2,InternViT-6B; LLaMA 3,Uses; Uses,Multimodal LLM,Decoder,Advanced open-source Multimodal Foundation Model series pairing massive vision encoders with state-of-the-art LLMs. Achieves closed-source level performance on incredibly demanding high-resolution document understanding tasks.,Utilizes dynamic high-resolution tiling strategy to split large images into multiple 448x448 local tiles plus a global contextual tile. Employs progressive scaling to transfer vision weights from small LLMs to larger ones to save compute.,Links the InternViT-6B visual encoder with various LLM decoders via an MLP projector. Concatenates tokens from the global view and all local tiles into a massive sequence for the LLM.,"Progressive training paradigm starting with vision-language alignment, followed by multimodal pre-training on interleaved datasets, concluding with Supervised Fine-Tuning on tool-use and reasoning tasks.","Capturing global context and microscopic detail requires massive input resolution. The tiling strategy captures local detail, while the global view maintains overall semantic coherence.",chen2023internvl
3,PaliGemma,SigLIP-SO400m; Gemma 2,Uses; Uses,Multimodal LLM,Encoder + Decoder,"Lightweight Vision-Language Model optimized for fast and accurate multimodal tasks. Uses an unmasked, full-attention processing approach for images and text prompts, leading to highly robust performance on dense visual tasks.",Leverages SigLIP vision encoder and Prefix-LM masking to allow visual tokens and text prompt to attend to each other bidirectionally before generating the causal answer autoregressively.,"Fuses a SigLIP-So400m vision encoder directly with a Gemma-2B decoder model via a linear projection layer. Image and text tokens are concatenated without complex pooling, retaining spatial grids.","Joint multimodal pre-training on a massive mixture of tasks (captioning, VQA, detection, OCR) at low resolution, followed by resolution upscaling stages before task-specific fine-tuning.","Combining a best-in-class vision encoder and highly efficient language model creates a powerful, easily fine-tunable base. The full-attention prefix allows the LLM to deeply contextualize the image before answering.",beyer2024paligemma
3,DocFormerv2,Transformer,Uses,Document AI Model,Encoder + Decoder,State-of-the-art model for visually rich documents introducing an asymmetric pre-training approach. Vastly improves both efficiency and performance of document parsing over previous LayoutLM-style models.,"Utilizes an asymmetric autoencoder design where a heavy encoder extracts joint multimodal features and a lightweight decoder reconstructs them. The decoder is discarded after pre-training, leaving a highly efficient encoder.","Asymmetric Transformer Encoder-Decoder. The deep encoder processes multimodal inputs (text, vision, layout), while the shallow decoder is strictly used during pre-training for reconstruction tasks.",Asymmetric Masked Modeling reconstructing both masked text tokens and continuous visual patches from the document image simultaneously.,Standard symmetric pre-training is incredibly computationally expensive for high-resolution documents. A shallow decoder for reconstruction speeds up training significantly while forcing the encoder to learn deeper representations.,appalaraju2023docformerv2
3,Gemma 2,Transformer; Gemma; Gemini; GQA; RoPE; RMSNorm,Uses; Extends; Distilled from; Uses; Uses; Uses,Language Model,Decoder,High-performance series of open-weights LLMs designed to punch far above their weight class. Achieves this by using massive teacher models for knowledge distillation and an advanced interleaved attention architecture.,Alternates between local sliding window attention and global attention to balance context capture with memory efficiency. Employs Logit Soft-Capping to prevent logit drift and stabilize training for extremely deep networks.,Decoder-only Transformer featuring Grouped-Query Attention (GQA) and RMSNorm pre/post normalization. Interleaved attention processes up to 8192 tokens efficiently by limiting full attention to every other layer.,Autoregressive Next-Token Prediction combined heavily with Knowledge Distillation. Smaller models minimize negative log-likelihood against soft probability distributions generated by larger Gemini teacher models.,"Training small models from scratch on hard labels often limits reasoning depth. Distillation transfers world knowledge and reasoning nuance of massive models, allowing small models to rival competitors twice their size.",gemma2team2024gemma
4,ColPali,ColBERT; PaliGemma,Extends; Uses,Retrieval Model,Encoder,Groundbreaking retrieval model designed specifically to solve the 'PDF bottleneck' in RAG pipelines. Completely bypasses error-prone OCR by applying late interaction directly to visual patch embeddings of document pages.,Adapts the ColBERT MaxSim operator for the visual domain. Matches text query tokens directly against a dense grid of raw image patch embeddings extracted from a document page to find visual regions answering the query.,PaliGemma vision encoder combined with a ColBERT-style late interaction mechanism. Image patches map directly to a 128-dimensional token-level embedding space without generating intermediate text.,Contrastive learning using InfoNCE loss combined with Late Interaction matching. Maximizes the MaxSim score between a user query and the image of the specific document page containing the answer.,"OCR pipelines destroy spatial context, fail on complex tables, and miss visual cues. Retrieving directly on visual patches preserves layout semantics and achieves state-of-the-art multi-page document retrieval.",faysse2024colpali
4,CoT,GPT,Prompting Strategy,Prompting Framework,N/A,"Paradigm shift in how LLMs are queried, significantly boosting reasoning capabilities. Forces the model to articulate intermediate logical steps before outputting the final answer.","Prompts the model to generate a reasoning chain (latent variables) instead of standard input-output prompting. Decomposes complex problems into smaller, manageable conditional probabilities.",N/A,N/A,Standard prompting forces complex math or logic into a single forward pass token. Spreading computational FLOPs across multiple tokens vastly reduces errors on multi-step reasoning tasks.,wei2022chain
4,Vicuna,LLaMA 3,Extends,Language Model,Decoder,Influential open-source chatbot created by fine-tuning LLaMA models on user-shared conversations. Proved high-quality conversational data could rapidly align base models to approach ChatGPT-level interaction quality.,"Pioneered the use of crowdsourced, high-quality dialogue data (scraped from ShareGPT) for highly effective supervised fine-tuning. Focused on multi-turn conversation flow rather than single-turn instruction following.",Strictly identical to the base LLaMA model (Decoder-only Transformer). Differentiation lies entirely in post-training alignment data and learning rate optimizations.,"Supervised Fine-Tuning (SFT) using standard cross-entropy loss on approximately 70K high-quality, multi-turn user-shared conversations to learn human-like dialogue patterns.","Base LLMs are autocomplete engines and do not naturally converse. Demonstrated that a relatively small amount of highly diverse, high-quality dialogue data unlocks powerful conversational agents.",chiang2023vicuna
4,MinerU,Transformer; ViT,Uses; Uses,Document Parsing Tool,Encoder + Decoder,"Highly precise, specialized parsing tool designed to extract structured markdown from complex PDFs. Crucial for generating high-quality RAG corpora from visually rich documents containing complex tables and mathematical formulas.",Replaces heuristic-based PDF parsing with a pipeline of specialized vision models. Utilizes layout detection models to segment pages and vision-to-text models to translate complex formulas and tables into precise LaTeX/Markdown.,"Sequential pipeline architecture rather than a single model. Orchestrates object detection models, OCR engines, and specialized VLM decoders to construct the final document representation.","Various supervised tasks depending on the pipeline component, such as bounding box regression for layout detection and sequence-to-sequence reconstruction for formula parsing.","Traditional PDF parsers jumble text reading order and destroy table structures, ruining RAG pipelines. Treating document parsing as a rigorous computer vision task preserves exact semantic structures required by LLMs.",mineru2024
4,Adapter (Houlsby 2019),Transformer,Extends,Parameter Efficient Fine Tuning,N/A,Parameter-efficient fine-tuning technique designed to adapt massive models to new tasks without updating all weights. Allows multiple downstream tasks to be trained efficiently while avoiding catastrophic forgetting.,"Inserts small, trainable bottleneck feed-forward networks (Adapters) between fixed layers of a pre-trained transformer. Modifies less than 3% of total parameters during fine-tuning while original weights remain frozen.",Small bottleneck Multi-Layer Perceptrons (MLPs) injected sequentially after attention and feed-forward modules of a standard Transformer block.,N/A,Full fine-tuning is computationally prohibitive and creates separate massive model copies for every task. Achieves near-identical performance while drastically reducing memory requirements and allowing inference hot-swapping.,houlsby2019parameter
4,MLP Projector,Transformer,Component,Architecture Component,N/A,Simple but critical network component used in modern multimodal LLMs to align different modalities. Translates feature representations extracted from a visual encoder into the mathematical embedding space of the language model.,Acts as a bridge taking high-dimensional Vision Transformer output and mapping it linearly (or non-linearly) into the exact dimensionality required by the LLM's input layer.,"Typically a 2-layer Multi-Layer Perceptron. Consists of a linear layer, non-linear activation function (like GELU), and another linear layer to match the hidden dimension of the LLM.","Trained via Feature Alignment objectives where the projector receives all gradient updates while larger vision and language models are frozen, learning to translate between modalities.",Vision and language models are trained in completely different latent spaces. Efficiently bridges this gap to allow the LLM to process visual tokens exactly as if they were foreign language text tokens.,liu2023visual
4,LoRA,Transformer,Extends,Parameter Efficient Fine Tuning,N/A,Widely adopted parameter-efficient fine-tuning method drastically reducing the number of trainable parameters. Allows massive models to be fine-tuned on single consumer GPUs.,Hypothesizes weight updates during fine-tuning have a low intrinsic rank. Freezes the massive weight matrix and adds a trainable low-rank decomposition matrix in parallel instead of updating full weights.,"Adds a parallel path calculating (B x A) alongside the frozen weight matrix (W). Trained low-rank matrices are multiplied and added back into W for inference, resulting in zero latency overhead.",N/A,"Fine-tuning a 70B parameter model requires vast VRAM just to store optimizer states. Reduces trainable parameters by up to 10,000x, democratizing fine-tuning while matching full fine-tuning accuracy.",hu2021lora
4,ReAct,CoT; GPT,Extends; Uses,Agentic Framework,N/A,"Foundational agentic prompting framework enabling LLMs to interface dynamically with external tools. Transforms an LLM from a static text generator into an active agent capable of iterative search, compute, and reasoning.",Interleaves internal reasoning steps (Thought) with external tool calls (Action) and environmental results (Observation). Creates a dynamic loop where the model plans moves based on real-time feedback.,N/A,N/A,"LLMs naturally hallucinate when lacking information. Forces the model to pause, actively retrieve missing information from an API or database, and incorporate real-world observations before concluding.",yao2022react
5,ViDoRAG,RAG; ColPali; Qwen2-VL; ReAct; BM25,extends retrieval; visual retrieval; answer generation backbone; agentic reasoning pattern; sparse retrieval,Multi-Page VRDU Model,N/A,N/A,"Multi-agent iterative reasoning (Seeker, Inspector, Answer agents); GMM-based dynamic hybrid retrieval (Text + Vision)",Multi-agent RAG framework + GMM-based hybrid retriever,N/A,Inference-only; LLMs like Qwen2.5-VL used as agents in prompt-driven generation,wang2025vidorag
5,Doc-React,RAG; BERT; BM25; T5,extends iteratively; dense retrieval encoder; sparse fallback; seq2seq reader,Multi-Page VRDU Model,N/A,N/A,Adaptive iterative retrieval framework that maximises entropy-normalised nutual information gain at each step,"Pipeline that wrap an existing MLLM (GPT-4o) and multimodal retrieval model (ColPali / VisRAG-Ret), MLLM acts as both judge and generator within ReAct-style loop",N/A,1. Generator: produce answers from retrieved multimodal page substeps 2. Judge: evaluate information gaps and generates refined sub-queries via information differentiation,wu2025doc
5,Doc-Agent,RAG; ReAct; CoT (Chain-of-Thought); LLaMA 3,extends; agent loop pattern; reasoning traces; LLM backbone,Multi-Page VRDU Model,N/A,N/A,"Multi-agent framework mimicking human reading, extracts a hierarchical XML tree-structured outline from the document, then use an actor agent with 5 retrieval tools to gather evidence, reviewer agent cross-checks answers from complementary sources/modalities, reflection-based memory bank for knowledge transfer across tasks","Training-free pipeline: 1. Outline construction (adobe PDF extract --> XML tree) 2. Actor agent (LLM + 5 tools: search, get_section_content, get_image, get_page_images, get_table_image) 3. ReviewAgent (same toolset, independent trajectory) 4. Reflection Memory Module (LLM-generated verbal guidelines, cumulative string memory)",N/A,"Reasoning engine for all 3 agents: plans tool calls, reads retrieved multimodal content, generates answers, cross-checks answers, synthesises verbal memory guidelines",sun2025docagent
5,MDocAgent,ColBERT; ColPali; RAG; ReAct; Qwen2-VL,text retrieval; visual retrieval; retrieve-then-read paradigm; agent orchestration; VLM backbone,Multi-Page VRDU Model,N/A,N/A,"Design a multi-agent framework to integrate specialized agents from text/image understanding, critical information extraction and fianl answer prediction.",Multi-agents structure combining several LLMs/MLLMs.,N/A,LLMs/MLLMs are frozen and adopted as specialised agents. Llama-3.1-8B-Instruct is used as text agent and Qwen2VL-7B-Instruct used for others. ColBERTv2 and ColPali used as vision and language retriever.,han2025mdocagent
5,M3DocRAG,ColPali; Qwen2-VL; RAG,visual page retrieval; answer generation backbone; retrieval-augmented framework,Multi-Page VRDU Model,N/A,N/A,"Retrieves relevant document pages using ColPali visual embeddings rather than OCR, preserving visual information --> MLLM (Qwen2-VL)",PDF --> RGB images --> ColPali --> Retrieval --> MaxSim scoring --> MLLM Answer generation,N/A (ColPali + Qwen2VL pretrained),Qwen2-VL 7B for answer generation,cho2024m3docrag
5,VDocRAG,CLIP; Qwen2-VL; RAG; LoRA,contrastive visual embedding; VLM backbone; retrieve-then-read paradigm; parameter-efficient fine-tuning,Multi-Page VRDU Model,N/A,N/A,"2 component RAG framework (VDocRetriever + VDocGenerator) , retriever uses pretrained LVLM to compress entire page images into dense EOS token embeddings aligned with OCR content","LVLM based dual encoding of queries and document images, maximum inner product search for retrieval, top-K retrieved page images concatenated with question is used to generate answer autoregressively","VDocRetrieve pre-trained on 500K document image-OCR pairs using 2 objectives: RCR + RCG, LLM frozen, only LoRA + projector updated","Phi3V (4.2B, primary) and Idefics3 (8B, alternative) for LLM backbone in VDocRetriever and as VDocGenerator for answer generation respectively",tanaka2025vdocrag
5,MoLoRAG,ViT; Qwen2-VL; RAG,page visual encoder; VLM traversal backbone; retrieve-then-read framework,Multi-Page VRDU Model,N/A,N/A,"Construct a page level graph, then uses a lightweight VLM as retrieval engine to traverse graph and score pages on semantic similarity and logical relevance to question","ColPali to encode document and build page graph, Qwen2.5VL-3B as retrieval engine for logical relevance scoring, top K retrieved pages images fed into arbitrary LVLM for answer generation",N/A,"Qwen2.5-VL-3B for lightweight retrieval and assigning logical relevance scores, Qwen2.5-VL-7B for answer generator",wu2025molorag
5,AVIR,Pix2Struct; Qwen2-VL,page relevance scoring backbone; adaptive answer generation backbone,Multi-Page VRDU Model,N/A,N/A,"Lightweight Pix2Struct scores pages based on question relevance, then use K-means clustering (for long docs) or threshold filtering (for short docs) to select most relevant pages","Frozen Pix2Struct encoder (100M) with 2 self attention layers and a sigmoid head for relevance scoring + frozen AWQ quantized Qwen2.5-VL-3B for answer generation, receiving only adaptively selected pages",N/A,Qwen2.5-VL-3B-AWQ frozen answer generator,li2025avir
5,KGP,RAG; BERT; BM25,retrieval-augmented framework; text encoder for KG nodes; sparse retrieval,Multi-Page VRDU Model,N/A,N/A,Construct KG from documents (passages/pages/tables) + LLM-based graph traversal agent,"KG + LLM traversal (T5, LLaMA, ChatGPT) for retrieval + final answer from ChatGPT",N/A,T5 (or LLaMA): instruction-finetuned for graph traversal agent; LLM predicts next passage to retrieve,wang2024knowledge
5,LayTokenLLM,Transformer; LLaMA 3; LoRA; LayoutLMv3,architectural basis; LLM backbone; parameter-efficient fine-tuning; layout encoding inspiration,Multi-Page VRDU Model,N/A,N/A,Layout Token with New Positional Encoding Scheme for Layout Tokens without additional positional IDs.New Pretraining prediction pretraining. ,Layout Token is proposed to integrated into LLM as interleaved input with text tokens.,Next Interleaved Text and Layout Token Prediction,"Contiuning Pretraining: LLama3-8B,Qwen1.5-7B as backbone for Text and Layout encoding.",zhu2025simple
5,CREAM,RAG; BERT; T5; LoRA,coarse-to-fine retrieval framework; text embedding encoder; seq2seq reader; efficient fine-tuning,Multi-Page VRDU Model,N/A,N/A,Coarse-to-fine retrieval: text embedding similarity (coarse phase) + LLM-based multi-round gruoping and reranking (find phase) to identify more relevant chunks,Pix2Struct vision encoder extended via an attention pooling mechanism to handle multiple document pages --> projected into LLaMA2 7B via AdapterMLP layer,N/A,Generates final answer conditioned on question + text chunks + visual document representations,zhang2024cream
5,MHier-RAG,RAG; ColPali; Qwen2-VL; BM25,hierarchical retrieval framework; visual page retrieval; answer generation backbone; sparse first-stage retrieval,Multi-Page VRDU Model,N/A,N/A,Multi-modal RAG with two complementary hierarchical index structures: (1) a Flattened In-Page Index enabling parent-page retrieval with LLM-based re-ranking to bridge modality disconnection within a page; (2) a Topological Cross-Page Index using Gaussian Mixture Model clustering and LLM-generated summaries for document-level long-distance reasoning across pages,"Training free: Docling PDF parser --> textual chunks (plain text, tables, layout) --> LVLM generated visual descriptions + raw images --> dual hierarchical index --> multi-granularity retriever --> LLM answer with CoT + structured output prompting",N/A,"LVLM (Qwen-VL-Plus) converts visual content to text content descriptions, GPT-3-turbo summarises clustered cross-page chunks, Qwen-turb LVLM re-ranks retrieved parent pages, Qwen-turbo/GPT-4o/DeepSeek-chat/ERNIE-turbo LLM for final answer generation wtih CoT",gong2025mhier
5,Self-Attention Scoring,Pix2Struct; ViT,page scoring backbone; patch encoder,Multi-Page VRDU Model,N/A,N/A,Convert document to image fed into Pix2Struct; page scoring to retrieve relevant pages using self-attention,Self-attention top-K retrieval + Pix2Struct VLM,N/A,N/A,kang2024multi
5,InstructDr,LayoutLMv3; LLaMA 3; LoRA,document encoder backbone; LLM decoder; parameter-efficient fine-tuning,Multi-Page VRDU Model,N/A,N/A,A Document-former is used to bridge multimodal document represenstation and LLM textual representation. Multi-task instruction tuning is applied.,Cross-attention based Document Former is applied to bridge gap between vision encoder and LLM. Only Document-former and FFN layer are trainable.,N/A,Frozen (FlanT5),tanaka2024instructdoc
5,PDF-WuKong,LLaVA; Qwen2-VL; ViT; LoRA,VLM architecture template; language backbone; visual encoder; efficient fine-tuning,Multi-Page VRDU Model,N/A,N/A,Introduce a Sparse Sampling module (task) to identify and extract the most relevant text chunks or diagrams based similary. Contrastive learning,The output from the text and image encoder are used to contrastive leraning and then feed into llm.,N/A,LLM (BGE-M3),xie2024wukong
5,Texthawk2,CLIP; LLaMA 3; Qwen2-VL; LLaVA; SigLIP-SO400m,visual encoder; LLM backbone option; architecture comparison; VLM template; visual encoder alternative,Multi-Page VRDU Model,N/A,N/A,"16x Visual Token Compression (ReSampling & Rearrangement), Unified Visual Encoder, Detection Head, Multi-level Cross Attention",ViT + Resampler + LLM + Detection Head,N/A,"Qwen2-7B-Instruct Pre-training: Initially frozen during warm-up; then trained with LoRA, Fine tuning stage is trainable",yu2024texthawk2
5,Leopard,SigLIP-SO400m; LLaMA 3; LLaVA; MLP Projector,visual encoder; LLM backbone; architecture template; vision-language connector,Multi-Page VRDU Model,N/A,N/A,High quality instruction-tuning data. High-resolution multi-image encoding module.,"LEOPARD is decoder only vision language model, uses SigLIP-SO-400M as encoder, 2 layer MLP vison language connector and backbond LLM (LLaMA-3.1 or Mistral-7B)",N/A,"Continue instruct-tuning: LLaVA, Idefics2 as backbone (MLLM )",jia2024leopard
5,mPLUG-DocOwl2,CLIP; LLaMA 3; LLaVA; LoRA,visual encoder; LLM backbone; VLM template; efficient fine-tuning,Multi-Page VRDU Model,N/A,N/A,"Introduce a novel compressing architecture to greatly reduce visual tokens of high resolution document images to enable multi-page document understanding. It leverages a Shape-adaptive Cropping Module and a low resolution vision encoder to encode high-resolution document images. The glolab visual feature can be enhanced by applying cross-attention with layout aligned high-resolution visual features. For multipage scenarios, a special token <img x> is added before each document image.",Build on Top of 1.5 version with a cross-attention absed High-reesolution DocCompressor.,"Single-image Pretraining, Multi-image Continue Pretraining",LLM (mPLUG-Owl2) is frozeon execpt fine-tuning stage.,hu2025mplug
5,LayoutLLM,LayoutLMv3; LLaMA 3; MLP Projector,document encoder; LLM backbone; vision-language connector,Multi-Page VRDU Model,N/A,N/A,Layout instruction tuning combining layout-aware pre-training with novel LayoutCoT module in SFT,LayoutLMv3-large as document encoder --> 2 MLP projectors (visual + text & layout) --> LLM backbone (causal decoder generates answer autoregressively),"Layout aware pre-training across 3 levels: document level, region-level, segment level, LLM frozen during pre-taining, only projectors and DocPTM encoder updated",Generate final answers (and LayoutCoT intermediate steps),luo2024layoutllm
5,Docopilot,LLaVA; Qwen2-VL; LoRA; ViT,architecture template; long-context VLM backbone; efficient fine-tuning; visual encoder,Multi-Page VRDU Model,N/A,N/A,Native long-context MLLM with Multimodal Data Packing and Ring Attention to achieve VQA without reliance on RAG,"Standard ViT-MLP-LLM architecture using pre-trained InternViT300M, 2 layer MLP projector, pretrained InternLM2 LLM decoder",InternVL2 (standard ViT + LLM),InternLM2 decoder-only LLM for generation,duan2025docopilot
5,Hi-VT5,T5; ViT,seq2seq backbone; visual patch encoder,Multi-Page VRDU Model,N/A,N/A,"Visual, textual and layout features passed to T5 encoder to produce answer",Hierarchical Transformer + per-page summary,T5 pretrained on single image docs,N/A,tito2023hierarchical
5,GRAM,BERT; T5; ViT,cross-page text encoding; seq2seq backbone; visual encoder,Multi-Page VRDU Model,N/A,N/A,Extends pretrained SP Encoder + Decoder using Global-Local encoder blocks with document tokens that propagate information across pages,"Interleaved encoder-decoder transformer built on DocFormerv2, self attention applied only over cross-page doc tokens.",DocFormerv2 (no further pre-training),N/A,blau2024gram
5,Arctic-TILT,BERT; T5; ViT,text encoder basis; encoder-decoder framework; visual feature extraction,Multi-Page VRDU Model,N/A,N/A,"""Tensor Product"" modality fusion mechanism integrated within each transformer block, chunked processing and sparse attention to handle long documents","Encoder-decoder transformer based on T5, combined with contextualized vision from a U-Net with textual semantics using a fusion operation placed after the FFNs in every encoder layer","Self supervised pretraining using pretrained T5, then further 900K steps self supervised pretraining on document datasets after introducing TILT architecture modifications","End-to-end multimodal processor directly consuming T, V, L inputs to generate text based answers",borchmann2025arctic
5,DocLLM,Transformer; LLaMA 3,disentangled spatial attention basis; LLM backbone,Multi-Page VRDU Model,N/A,N/A,"Extends standard LLMs with a disentangled spatial attention mechanism to capture cross-modal dependencies without vision encoder, pre-training uses autoregressive block infilling objective rather than next-token prediction","Causal decoder-only transformer (Falcon-1B or Llama2-7B) extended withspatia hidden vectors S and standard text hidden vectors H, attention decomposed into 4 disentangled scores (T2T, T2S, S2T, S2S) with only S2S activated at inference","Self supervised autoregressive block infilling: randomly mask text blocks, shuffles them, and reconstructs them sequentially using both preceding and following context","Single model performing all tasks: generate answers, extracts key values, classifies documents, fact verification",wang2024docllm
5,DocSLM,BERT; T5; ViT; LoRA,text encoder; seq2seq compression backbone; visual encoder; parameter-efficient fine-tuning,Multi-Page VRDU Model,N/A,N/A,"hierarchical multimodal compressor fuses visual, OCR text and layout features into fixed 576 token page representation + Streaming Abstention mechanism that processes document segments sequentially with entropy-based uncertainty calibration for constant memory footprint",SigLIP2 vision encoder + PaddleOCR extractor --> Local OCR compression --> Global visual compression --> MLP adapter --> Qwen2.5-1.5B SLM,1. OCR alignment 2. image compression 3. document compression (multi-page),"Generator: receives 576-token pae representations and natural language query, produces segment-level answer predictions with token-level entropy uncertainty scores",hannan2025docslm
5,DocLayLLM,LayoutLMv3; LLaMA 3; LoRA; MLP Projector; DiT,document encoder; LLM backbone; parameter-efficient fine-tuning; vision-language connector; document visual backbone,Multi-Page VRDU Model,N/A,N/A,"Efficient OCR dependent MLLM extension of LLMs that integrates document patch tokens (visual) and 2D positional tokens (layout) directly into the LLM's inpt squence alongside OCR text, combined with CoT pretraining and CoT annealing",OCR engine --> text tokens + image patch tokens + bounding box tokens --> unified LLM (Llama2-7B / Llama3-8B) with LoRA; no separate document encoder,"(not strictly pretraining) broad instruction tuning across many document tasks to align visual and layout tokens with the LLM, using ~3.1M diverse pairs",unified encoder and generator (Llama2 or 3) directly encodes all 3 modalities in its input sequence and generates the answer,liao2025doclayllm
